-- phpMyAdmin SQL Dump
-- version 4.0.4
-- http://www.phpmyadmin.net
--
-- Host: localhost
-- Generation Time: Nov 12, 2014 at 11:21 AM
-- Server version: 5.6.12-log
-- PHP Version: 5.4.12

SET SQL_MODE = "NO_AUTO_VALUE_ON_ZERO";
SET time_zone = "+00:00";


/*!40101 SET @OLD_CHARACTER_SET_CLIENT=@@CHARACTER_SET_CLIENT */;
/*!40101 SET @OLD_CHARACTER_SET_RESULTS=@@CHARACTER_SET_RESULTS */;
/*!40101 SET @OLD_COLLATION_CONNECTION=@@COLLATION_CONNECTION */;
/*!40101 SET NAMES utf8 */;

--
-- Database: `myats`
--
CREATE DATABASE IF NOT EXISTS `myats` DEFAULT CHARACTER SET latin1 COLLATE latin1_swedish_ci;
USE `myats`;

-- --------------------------------------------------------

--
-- Table structure for table `admin`
--

CREATE TABLE IF NOT EXISTS `admin` (
  `UName` varchar(40) NOT NULL,
  `Password` varchar(30) NOT NULL,
  PRIMARY KEY (`UName`)
) ENGINE=InnoDB DEFAULT CHARSET=latin1;

--
-- Dumping data for table `admin`
--

INSERT INTO `admin` (`UName`, `Password`) VALUES
('1990prabhjit', '123456');

-- --------------------------------------------------------

--
-- Table structure for table `inbox`
--

CREATE TABLE IF NOT EXISTS `inbox` (
  `MsgNo` int(11) NOT NULL AUTO_INCREMENT,
  `SentBy` varchar(8) NOT NULL,
  `Id` int(11) NOT NULL,
  `EmailId` varchar(50) NOT NULL,
  `Msg` text NOT NULL,
  `Date` date NOT NULL,
  PRIMARY KEY (`MsgNo`)
) ENGINE=InnoDB  DEFAULT CHARSET=latin1 AUTO_INCREMENT=10 ;

--
-- Dumping data for table `inbox`
--

INSERT INTO `inbox` (`MsgNo`, `SentBy`, `Id`, `EmailId`, `Msg`, `Date`) VALUES
(6, 'Student', 11100211, 'prabhjit1990@gmail.com', 'Hello\r\n', '2014-11-08'),
(7, 'Student', 11100211, 'swtyliza@gmail.com', 'hello admin................................\r\n', '2014-11-10'),
(8, 'Teacher', 1, 'swtyliza@gmail.com', 'hello admin.....................(Y)\r\n\r\n', '2014-11-10'),
(9, 'Student', 11100211, 'aa@bb.com', 'bvccvnbvcbvncnvcnbvc', '2014-11-11');

-- --------------------------------------------------------

--
-- Table structure for table `std_attendance`
--

CREATE TABLE IF NOT EXISTS `std_attendance` (
  `AtdID` int(11) NOT NULL AUTO_INCREMENT,
  `RollNo` int(11) NOT NULL,
  `SubID` int(11) NOT NULL,
  `TL` int(11) NOT NULL,
  `AL` int(11) NOT NULL,
  `Percentage` double(99,2) NOT NULL,
  `LastDate` date NOT NULL,
  PRIMARY KEY (`AtdID`),
  KEY `SubID` (`SubID`)
) ENGINE=InnoDB  DEFAULT CHARSET=latin1 AUTO_INCREMENT=356 ;

--
-- Dumping data for table `std_attendance`
--

INSERT INTO `std_attendance` (`AtdID`, `RollNo`, `SubID`, `TL`, `AL`, `Percentage`, `LastDate`) VALUES
(1, 11100211, 1, 14, 11, 78.57, '2014-11-12'),
(2, 11100212, 1, 14, 11, 78.57, '2014-11-12'),
(3, 11100213, 1, 14, 11, 78.57, '2014-11-12'),
(4, 11100214, 1, 14, 10, 71.43, '0000-00-00'),
(5, 11100215, 1, 14, 10, 71.43, '2014-11-12'),
(11, 11100211, 3, 10, 7, 0.99, '0000-00-00'),
(12, 11100212, 3, 10, 7, 0.99, '0000-00-00'),
(13, 11100213, 3, 10, 7, 0.99, '0000-00-00'),
(14, 11100214, 3, 10, 7, 0.99, '0000-00-00'),
(15, 11100215, 3, 10, 7, 0.99, '0000-00-00'),
(16, 11100211, 4, 11, 8, 72.73, '2014-11-12'),
(17, 11100212, 4, 11, 8, 72.73, '2014-11-12'),
(18, 11100213, 4, 11, 7, 63.64, '0000-00-00'),
(19, 11100214, 4, 11, 8, 72.73, '2014-11-12'),
(20, 11100215, 4, 11, 7, 63.64, '0000-00-00'),
(21, 11100211, 5, 10, 7, 0.99, '0000-00-00'),
(22, 11100212, 5, 10, 7, 0.99, '0000-00-00'),
(23, 11100213, 5, 10, 7, 0.99, '0000-00-00'),
(24, 11100214, 5, 10, 7, 0.99, '0000-00-00'),
(25, 11100215, 5, 10, 7, 0.99, '0000-00-00'),
(26, 11100211, 6, 10, 7, 0.99, '0000-00-00'),
(27, 11100212, 6, 10, 7, 0.99, '0000-00-00'),
(28, 11100213, 6, 10, 7, 0.99, '0000-00-00'),
(29, 11100214, 6, 10, 7, 0.99, '0000-00-00'),
(30, 11100215, 6, 10, 7, 0.99, '0000-00-00'),
(31, 11100211, 7, 10, 7, 0.99, '0000-00-00'),
(32, 11100212, 7, 10, 7, 0.99, '0000-00-00'),
(33, 11100213, 7, 10, 7, 0.99, '0000-00-00'),
(34, 11100214, 7, 10, 7, 0.99, '0000-00-00'),
(35, 11100215, 7, 10, 7, 0.99, '0000-00-00'),
(36, 11100211, 8, 10, 7, 0.99, '0000-00-00'),
(37, 11100212, 8, 10, 7, 0.99, '0000-00-00'),
(38, 11100213, 8, 10, 7, 0.99, '0000-00-00'),
(39, 11100214, 8, 10, 7, 0.99, '0000-00-00'),
(40, 11100215, 8, 10, 7, 0.99, '0000-00-00'),
(41, 133001, 9, 11, 8, 72.73, '2014-11-12'),
(42, 133002, 9, 11, 7, 63.64, '0000-00-00'),
(43, 133003, 9, 11, 8, 72.73, '2014-11-12'),
(44, 133004, 9, 11, 7, 63.64, '0000-00-00'),
(45, 133005, 9, 11, 8, 72.73, '2014-11-12'),
(46, 133001, 10, 10, 7, 0.99, '0000-00-00'),
(47, 133002, 10, 10, 7, 0.99, '0000-00-00'),
(48, 133003, 10, 10, 7, 0.99, '0000-00-00'),
(49, 133004, 10, 10, 7, 0.99, '0000-00-00'),
(50, 133005, 10, 10, 7, 0.99, '0000-00-00'),
(51, 133001, 11, 10, 7, 0.99, '0000-00-00'),
(52, 133002, 11, 10, 7, 0.99, '0000-00-00'),
(53, 133003, 11, 10, 7, 0.99, '0000-00-00'),
(54, 133004, 11, 10, 7, 0.99, '0000-00-00'),
(55, 133005, 11, 10, 7, 0.99, '0000-00-00'),
(56, 133001, 12, 10, 7, 0.99, '0000-00-00'),
(57, 133002, 12, 10, 7, 0.99, '0000-00-00'),
(58, 133003, 12, 10, 7, 0.99, '0000-00-00'),
(59, 133004, 12, 10, 7, 0.99, '0000-00-00'),
(60, 133005, 12, 10, 7, 0.99, '0000-00-00'),
(61, 133001, 13, 10, 7, 0.99, '0000-00-00'),
(62, 133002, 13, 10, 7, 0.99, '0000-00-00'),
(63, 133003, 13, 10, 7, 0.99, '0000-00-00'),
(64, 133004, 13, 10, 7, 0.99, '0000-00-00'),
(65, 133005, 13, 10, 7, 0.99, '0000-00-00'),
(66, 133001, 14, 10, 7, 0.99, '0000-00-00'),
(67, 133002, 14, 10, 7, 0.99, '0000-00-00'),
(68, 133003, 14, 10, 7, 0.99, '0000-00-00'),
(69, 133004, 14, 10, 7, 0.99, '0000-00-00'),
(70, 133005, 14, 10, 7, 0.99, '0000-00-00'),
(71, 133001, 15, 10, 7, 0.99, '0000-00-00'),
(72, 133002, 15, 10, 7, 0.99, '0000-00-00'),
(73, 133003, 15, 10, 7, 0.99, '0000-00-00'),
(74, 133004, 15, 10, 7, 0.99, '0000-00-00'),
(75, 133005, 15, 10, 7, 0.99, '0000-00-00'),
(76, 144001, 16, 11, 8, 72.73, '2014-11-12'),
(77, 144002, 16, 11, 8, 72.73, '2014-11-12'),
(78, 144003, 16, 11, 8, 72.73, '2014-11-12'),
(79, 144004, 16, 11, 8, 72.73, '2014-11-12'),
(80, 144005, 16, 11, 7, 63.64, '2014-11-12'),
(81, 144001, 17, 10, 7, 0.99, '0000-00-00'),
(82, 144002, 17, 10, 7, 0.99, '0000-00-00'),
(83, 144003, 17, 10, 7, 0.99, '0000-00-00'),
(84, 144004, 17, 10, 7, 0.99, '0000-00-00'),
(85, 144005, 17, 10, 7, 0.99, '0000-00-00'),
(86, 144001, 18, 11, 8, 72.73, '2014-11-12'),
(87, 144002, 18, 11, 8, 72.73, '2014-11-12'),
(88, 144003, 18, 11, 8, 72.73, '2014-11-12'),
(89, 144004, 18, 11, 7, 63.64, '0000-00-00'),
(90, 144005, 18, 11, 8, 72.73, '2014-11-12'),
(91, 144001, 19, 10, 7, 0.99, '0000-00-00'),
(92, 144002, 19, 10, 7, 0.99, '0000-00-00'),
(93, 144003, 19, 10, 7, 0.99, '0000-00-00'),
(94, 144004, 19, 10, 7, 0.99, '0000-00-00'),
(95, 144005, 19, 10, 7, 0.99, '0000-00-00'),
(96, 144001, 20, 10, 7, 0.99, '0000-00-00'),
(97, 144002, 20, 10, 7, 0.99, '0000-00-00'),
(98, 144003, 20, 10, 7, 0.99, '0000-00-00'),
(99, 144004, 20, 10, 7, 0.99, '0000-00-00'),
(100, 144005, 20, 10, 7, 0.99, '0000-00-00'),
(101, 144001, 21, 10, 7, 0.99, '0000-00-00'),
(102, 144002, 21, 10, 7, 0.99, '0000-00-00'),
(103, 144003, 21, 10, 7, 0.99, '0000-00-00'),
(104, 144004, 21, 10, 7, 0.99, '0000-00-00'),
(105, 144005, 21, 10, 7, 0.99, '0000-00-00'),
(106, 144001, 22, 10, 7, 0.99, '0000-00-00'),
(107, 144002, 22, 10, 7, 0.99, '0000-00-00'),
(108, 144003, 22, 10, 7, 0.99, '0000-00-00'),
(109, 144004, 22, 10, 7, 0.99, '0000-00-00'),
(110, 144005, 22, 10, 7, 0.99, '0000-00-00'),
(111, 155001, 23, 13, 7, 53.85, '2014-11-12'),
(112, 155002, 23, 13, 8, 61.54, '2014-11-12'),
(113, 155003, 23, 13, 7, 53.85, '2014-11-12'),
(114, 155004, 23, 13, 7, 53.85, '2014-11-12'),
(115, 155005, 23, 13, 8, 61.54, '2014-11-12'),
(116, 155001, 24, 10, 7, 0.99, '0000-00-00'),
(117, 155002, 24, 10, 7, 0.99, '0000-00-00'),
(118, 155003, 24, 10, 7, 0.99, '0000-00-00'),
(119, 155004, 24, 10, 7, 0.99, '0000-00-00'),
(120, 155005, 24, 10, 7, 0.99, '0000-00-00'),
(121, 155001, 25, 10, 7, 0.99, '0000-00-00'),
(122, 155002, 25, 10, 7, 0.99, '0000-00-00'),
(123, 155003, 25, 10, 7, 0.99, '0000-00-00'),
(124, 155004, 25, 10, 7, 0.99, '0000-00-00'),
(125, 155005, 25, 10, 7, 0.99, '0000-00-00'),
(126, 155001, 26, 10, 7, 0.99, '0000-00-00'),
(127, 155002, 26, 10, 7, 0.99, '0000-00-00'),
(128, 155003, 26, 10, 7, 0.99, '0000-00-00'),
(129, 155004, 26, 10, 7, 0.99, '0000-00-00'),
(130, 155005, 26, 10, 7, 0.99, '0000-00-00'),
(131, 155001, 27, 10, 7, 0.99, '0000-00-00'),
(132, 155002, 27, 10, 7, 0.99, '0000-00-00'),
(133, 155003, 27, 10, 7, 0.99, '0000-00-00'),
(134, 155004, 27, 10, 7, 0.99, '0000-00-00'),
(135, 155005, 27, 10, 7, 0.99, '0000-00-00'),
(136, 155001, 28, 10, 7, 0.99, '0000-00-00'),
(137, 155002, 28, 10, 7, 0.99, '0000-00-00'),
(138, 155003, 28, 10, 7, 0.99, '0000-00-00'),
(139, 155004, 28, 10, 7, 0.99, '0000-00-00'),
(140, 155005, 28, 10, 7, 0.99, '0000-00-00'),
(141, 155001, 29, 10, 7, 0.99, '0000-00-00'),
(142, 155002, 29, 10, 7, 0.99, '0000-00-00'),
(143, 155003, 29, 10, 7, 0.99, '0000-00-00'),
(144, 155004, 29, 10, 7, 0.99, '0000-00-00'),
(145, 155005, 29, 10, 7, 0.99, '0000-00-00'),
(146, 177001, 30, 14, 11, 78.57, '2014-11-12'),
(147, 177002, 30, 14, 11, 78.57, '2014-11-12'),
(148, 177003, 30, 14, 11, 78.57, '2014-11-12'),
(149, 177004, 30, 14, 10, 71.43, '2014-11-12'),
(150, 177005, 30, 14, 9, 64.29, '2014-11-12'),
(151, 177001, 31, 10, 7, 0.99, '0000-00-00'),
(152, 177002, 31, 10, 7, 0.99, '0000-00-00'),
(153, 177003, 31, 10, 7, 0.99, '0000-00-00'),
(154, 177004, 31, 10, 7, 0.99, '0000-00-00'),
(155, 177005, 31, 10, 7, 0.99, '0000-00-00'),
(156, 177001, 32, 11, 8, 72.73, '2014-11-12'),
(157, 177002, 32, 11, 7, 63.64, '0000-00-00'),
(158, 177003, 32, 11, 8, 72.73, '2014-11-12'),
(159, 177004, 32, 11, 7, 63.64, '0000-00-00'),
(160, 177005, 32, 11, 8, 72.73, '2014-11-12'),
(161, 177001, 33, 10, 7, 0.99, '0000-00-00'),
(162, 177002, 33, 10, 7, 0.99, '0000-00-00'),
(163, 177003, 33, 10, 7, 0.99, '0000-00-00'),
(164, 177004, 33, 10, 7, 0.99, '0000-00-00'),
(165, 177005, 33, 10, 7, 0.99, '0000-00-00'),
(166, 177001, 34, 10, 7, 0.99, '0000-00-00'),
(167, 177002, 34, 10, 7, 0.99, '0000-00-00'),
(168, 177003, 34, 10, 7, 0.99, '0000-00-00'),
(169, 177004, 34, 10, 7, 0.99, '0000-00-00'),
(170, 177005, 34, 10, 7, 0.99, '0000-00-00'),
(171, 177001, 35, 10, 7, 0.99, '0000-00-00'),
(172, 177002, 35, 10, 7, 0.99, '0000-00-00'),
(173, 177003, 35, 10, 7, 0.99, '0000-00-00'),
(174, 177004, 35, 10, 7, 0.99, '0000-00-00'),
(175, 177005, 35, 10, 7, 0.99, '0000-00-00'),
(176, 177001, 36, 10, 7, 0.99, '0000-00-00'),
(177, 177002, 36, 10, 7, 0.99, '0000-00-00'),
(178, 177003, 36, 10, 7, 0.99, '0000-00-00'),
(179, 177004, 36, 10, 7, 0.99, '0000-00-00'),
(180, 177005, 36, 10, 7, 0.99, '0000-00-00'),
(181, 133012001, 37, 11, 8, 72.73, '2014-11-12'),
(182, 133012002, 37, 11, 8, 72.73, '2014-11-12'),
(183, 133012003, 37, 11, 8, 72.73, '2014-11-12'),
(184, 133012004, 37, 11, 8, 72.73, '2014-11-12'),
(185, 133012005, 37, 11, 8, 72.73, '2014-11-12'),
(186, 133012001, 38, 10, 7, 0.99, '0000-00-00'),
(187, 133012002, 38, 10, 7, 0.99, '0000-00-00'),
(188, 133012003, 38, 10, 7, 0.99, '0000-00-00'),
(189, 133012004, 38, 10, 7, 0.99, '0000-00-00'),
(190, 133012005, 38, 10, 7, 0.99, '0000-00-00'),
(191, 133012001, 39, 10, 7, 0.99, '0000-00-00'),
(192, 133012002, 39, 10, 7, 0.99, '0000-00-00'),
(193, 133012003, 39, 10, 7, 0.99, '0000-00-00'),
(194, 133012004, 39, 10, 7, 0.99, '0000-00-00'),
(195, 133012005, 39, 10, 7, 0.99, '0000-00-00'),
(196, 133012001, 40, 10, 7, 0.99, '0000-00-00'),
(197, 133012002, 40, 10, 7, 0.99, '0000-00-00'),
(198, 133012003, 40, 10, 7, 0.99, '0000-00-00'),
(199, 133012004, 40, 10, 7, 0.99, '0000-00-00'),
(200, 133012005, 40, 10, 7, 0.99, '0000-00-00'),
(201, 133012001, 41, 10, 7, 0.99, '0000-00-00'),
(202, 133012002, 41, 10, 7, 0.99, '0000-00-00'),
(203, 133012003, 41, 10, 7, 0.99, '0000-00-00'),
(204, 133012004, 41, 10, 7, 0.99, '0000-00-00'),
(205, 133012005, 41, 10, 7, 0.99, '0000-00-00'),
(206, 133012001, 42, 10, 7, 0.99, '0000-00-00'),
(207, 133012002, 42, 10, 7, 0.99, '0000-00-00'),
(208, 133012003, 42, 10, 7, 0.99, '0000-00-00'),
(209, 133012004, 42, 10, 7, 0.99, '0000-00-00'),
(210, 133012005, 42, 10, 7, 0.99, '0000-00-00'),
(211, 11100211, 8, 10, 7, 0.99, '0000-00-00'),
(212, 11100212, 8, 10, 7, 0.99, '0000-00-00'),
(213, 11100213, 8, 10, 7, 0.99, '0000-00-00'),
(214, 11100214, 8, 10, 7, 0.99, '0000-00-00'),
(215, 11100215, 8, 10, 7, 0.99, '0000-00-00'),
(216, 144012001, 44, 13, 10, 0.99, '0000-00-00'),
(217, 144012002, 44, 13, 8, 0.99, '0000-00-00'),
(218, 144012003, 44, 13, 10, 0.99, '0000-00-00'),
(219, 144012004, 44, 13, 9, 0.99, '0000-00-00'),
(220, 144012005, 44, 13, 9, 0.99, '0000-00-00'),
(221, 144012001, 45, 10, 7, 0.99, '0000-00-00'),
(222, 144012002, 45, 10, 7, 0.99, '0000-00-00'),
(223, 144012003, 45, 10, 7, 0.99, '0000-00-00'),
(224, 144012004, 45, 10, 7, 0.99, '0000-00-00'),
(225, 144012005, 45, 10, 7, 0.99, '0000-00-00'),
(226, 144012001, 46, 11, 8, 72.73, '2014-11-12'),
(227, 144012002, 46, 11, 8, 72.73, '2014-11-12'),
(228, 144012003, 46, 11, 8, 72.73, '2014-11-12'),
(229, 144012004, 46, 11, 8, 72.73, '2014-11-12'),
(230, 144012005, 46, 11, 8, 72.73, '2014-11-12'),
(231, 166012001, 47, 10, 7, 0.99, '0000-00-00'),
(232, 166012002, 47, 10, 7, 0.99, '0000-00-00'),
(233, 166012003, 47, 10, 7, 0.99, '0000-00-00'),
(234, 166012004, 47, 10, 7, 0.99, '0000-00-00'),
(235, 166012005, 47, 10, 7, 0.99, '0000-00-00'),
(236, 144012001, 48, 10, 7, 0.99, '0000-00-00'),
(237, 144012002, 48, 10, 7, 0.99, '0000-00-00'),
(238, 144012003, 48, 10, 7, 0.99, '0000-00-00'),
(239, 144012004, 48, 10, 7, 0.99, '0000-00-00'),
(240, 144012005, 48, 10, 7, 0.99, '0000-00-00'),
(241, 144012001, 49, 10, 7, 0.99, '0000-00-00'),
(242, 144012002, 49, 10, 7, 0.99, '0000-00-00'),
(243, 144012003, 49, 10, 7, 0.99, '0000-00-00'),
(244, 144012004, 49, 10, 7, 0.99, '0000-00-00'),
(245, 144012005, 49, 10, 7, 0.99, '0000-00-00'),
(246, 144012001, 50, 10, 7, 0.99, '0000-00-00'),
(247, 144012002, 50, 10, 7, 0.99, '0000-00-00'),
(248, 144012003, 50, 10, 7, 0.99, '0000-00-00'),
(249, 144012004, 50, 10, 7, 0.99, '0000-00-00'),
(250, 144012005, 50, 10, 7, 0.99, '0000-00-00'),
(251, 155012001, 51, 11, 8, 72.73, '2014-11-12'),
(252, 155012002, 51, 11, 8, 72.73, '2014-11-12'),
(253, 155012003, 51, 11, 8, 72.73, '2014-11-12'),
(254, 155012004, 51, 11, 8, 72.73, '2014-11-12'),
(255, 155012005, 51, 11, 8, 72.73, '2014-11-12'),
(256, 155012001, 52, 10, 7, 0.99, '0000-00-00'),
(257, 155012002, 52, 10, 7, 0.99, '0000-00-00'),
(258, 155012003, 52, 10, 7, 0.99, '0000-00-00'),
(259, 155012004, 52, 10, 7, 0.99, '0000-00-00'),
(260, 155012005, 52, 10, 7, 0.99, '0000-00-00'),
(261, 155012001, 53, 10, 7, 0.99, '0000-00-00'),
(262, 155012002, 53, 10, 7, 0.99, '0000-00-00'),
(263, 155012003, 53, 10, 7, 0.99, '0000-00-00'),
(264, 155012004, 53, 10, 7, 0.99, '0000-00-00'),
(265, 155012005, 53, 10, 7, 0.99, '0000-00-00'),
(266, 155012001, 54, 10, 7, 0.99, '0000-00-00'),
(267, 155012002, 54, 10, 7, 0.99, '0000-00-00'),
(268, 155012003, 54, 10, 7, 0.99, '0000-00-00'),
(269, 155012004, 54, 10, 7, 0.99, '0000-00-00'),
(270, 155012005, 54, 10, 7, 0.99, '0000-00-00'),
(271, 155012001, 55, 10, 7, 0.99, '0000-00-00'),
(272, 155012002, 55, 10, 7, 0.99, '0000-00-00'),
(273, 155012003, 55, 10, 7, 0.99, '0000-00-00'),
(274, 155012004, 55, 10, 7, 0.99, '0000-00-00'),
(275, 155012005, 55, 10, 7, 0.99, '0000-00-00'),
(276, 155012001, 56, 10, 7, 0.99, '0000-00-00'),
(277, 155012002, 56, 10, 7, 0.99, '0000-00-00'),
(278, 155012003, 56, 10, 7, 0.99, '0000-00-00'),
(279, 155012004, 56, 10, 7, 0.99, '0000-00-00'),
(280, 155012005, 56, 10, 7, 0.99, '0000-00-00'),
(281, 155012001, 57, 10, 7, 0.99, '0000-00-00'),
(282, 155012002, 57, 10, 7, 0.99, '0000-00-00'),
(283, 155012003, 57, 10, 7, 0.99, '0000-00-00'),
(284, 155012004, 57, 10, 7, 0.99, '0000-00-00'),
(285, 155012005, 57, 10, 7, 0.99, '0000-00-00'),
(286, 122012001, 58, 10, 7, 0.99, '0000-00-00'),
(287, 122012002, 58, 10, 7, 0.99, '0000-00-00'),
(288, 122012003, 58, 10, 7, 0.99, '0000-00-00'),
(289, 122012004, 58, 10, 7, 0.99, '0000-00-00'),
(290, 122012005, 58, 10, 7, 0.99, '0000-00-00'),
(291, 122012001, 59, 10, 7, 0.99, '0000-00-00'),
(292, 122012002, 59, 10, 7, 0.99, '0000-00-00'),
(293, 122012003, 59, 10, 7, 0.99, '0000-00-00'),
(294, 122012004, 59, 10, 7, 0.99, '0000-00-00'),
(295, 122012005, 59, 10, 7, 0.99, '0000-00-00'),
(296, 122012001, 60, 12, 8, 66.67, '2014-11-12'),
(297, 122012002, 60, 12, 8, 66.67, '2014-11-12'),
(298, 122012003, 60, 12, 7, 58.33, '0000-00-00'),
(299, 122012004, 60, 12, 8, 66.67, '2014-11-12'),
(300, 122012005, 60, 12, 8, 66.67, '2014-11-12'),
(301, 122012001, 61, 10, 7, 0.99, '0000-00-00'),
(302, 122012002, 61, 10, 7, 0.99, '0000-00-00'),
(303, 122012003, 61, 10, 7, 0.99, '0000-00-00'),
(304, 122012004, 61, 10, 7, 0.99, '0000-00-00'),
(305, 122012005, 61, 10, 7, 0.99, '0000-00-00'),
(306, 122012001, 62, 10, 7, 0.99, '0000-00-00'),
(307, 122012002, 62, 10, 7, 0.99, '0000-00-00'),
(308, 122012003, 62, 10, 7, 0.99, '0000-00-00'),
(309, 122012004, 62, 10, 7, 0.99, '0000-00-00'),
(310, 122012005, 62, 10, 7, 0.99, '0000-00-00'),
(311, 122012001, 63, 10, 7, 0.99, '0000-00-00'),
(312, 122012002, 63, 10, 7, 0.99, '0000-00-00'),
(313, 122012003, 63, 10, 7, 0.99, '0000-00-00'),
(314, 122012004, 63, 10, 7, 0.99, '0000-00-00'),
(315, 122012005, 63, 10, 7, 0.99, '0000-00-00'),
(316, 122012001, 64, 10, 7, 0.99, '0000-00-00'),
(317, 122012002, 64, 10, 7, 0.99, '0000-00-00'),
(318, 122012003, 64, 10, 7, 0.99, '0000-00-00'),
(319, 122012004, 64, 10, 7, 0.99, '0000-00-00'),
(320, 122012005, 64, 10, 7, 0.99, '0000-00-00'),
(321, 166012001, 65, 11, 8, 72.73, '2014-11-12'),
(322, 166012002, 65, 11, 8, 72.73, '2014-11-12'),
(323, 166012003, 65, 11, 8, 72.73, '2014-11-12'),
(324, 166012004, 65, 11, 8, 72.73, '2014-11-12'),
(325, 166012005, 65, 11, 8, 72.73, '2014-11-12'),
(326, 166012001, 66, 10, 7, 0.99, '0000-00-00'),
(327, 166012002, 66, 10, 7, 0.99, '0000-00-00'),
(328, 166012003, 66, 10, 7, 0.99, '0000-00-00'),
(329, 166012004, 66, 10, 7, 0.99, '0000-00-00'),
(330, 166012005, 66, 10, 7, 0.99, '0000-00-00'),
(331, 166012001, 67, 10, 7, 0.99, '0000-00-00'),
(332, 166012002, 67, 10, 7, 0.99, '0000-00-00'),
(333, 166012003, 67, 10, 7, 0.99, '0000-00-00'),
(334, 166012004, 67, 10, 7, 0.99, '0000-00-00'),
(335, 166012005, 67, 10, 7, 0.99, '0000-00-00'),
(336, 166012001, 68, 10, 7, 0.99, '0000-00-00'),
(337, 166012002, 68, 10, 7, 0.99, '0000-00-00'),
(338, 166012003, 68, 10, 7, 0.99, '0000-00-00'),
(339, 166012004, 68, 10, 7, 0.99, '0000-00-00'),
(340, 166012005, 68, 10, 7, 0.99, '0000-00-00'),
(341, 166012001, 69, 10, 7, 0.99, '0000-00-00'),
(342, 166012002, 69, 10, 7, 0.99, '0000-00-00'),
(343, 166012003, 69, 10, 7, 0.99, '0000-00-00'),
(344, 166012004, 69, 10, 7, 0.99, '0000-00-00'),
(345, 166012005, 69, 10, 7, 0.99, '0000-00-00'),
(346, 166012001, 70, 10, 7, 0.99, '0000-00-00'),
(347, 166012002, 70, 10, 7, 0.99, '0000-00-00'),
(348, 166012003, 70, 10, 7, 0.99, '0000-00-00'),
(349, 166012004, 70, 10, 7, 0.99, '0000-00-00'),
(350, 166012005, 70, 10, 7, 0.99, '0000-00-00'),
(351, 166012001, 71, 10, 7, 0.99, '0000-00-00'),
(352, 166012002, 71, 10, 7, 0.99, '0000-00-00'),
(353, 166012003, 71, 10, 7, 0.99, '0000-00-00'),
(354, 166012004, 71, 10, 7, 0.99, '0000-00-00'),
(355, 166012005, 71, 10, 7, 0.99, '0000-00-00');

-- --------------------------------------------------------

--
-- Table structure for table `students`
--

CREATE TABLE IF NOT EXISTS `students` (
  `RollNo` int(11) NOT NULL,
  `Class` varchar(5) NOT NULL,
  `Sem` varchar(5) NOT NULL,
  `Name` varchar(40) NOT NULL,
  `Password` varchar(30) NOT NULL,
  PRIMARY KEY (`RollNo`)
) ENGINE=InnoDB DEFAULT CHARSET=latin1;

--
-- Dumping data for table `students`
--

INSERT INTO `students` (`RollNo`, `Class`, `Sem`, `Name`, `Password`) VALUES
(133001, 'BCA', '2nd', 'Amandeep Singh', '111'),
(133002, 'BCA', '2nd', 'ravneetkaur', '222'),
(133003, 'BCA', '2nd', 'Snehpal Singh', '333'),
(133004, 'BCA', '2nd', 'Kiranjeet kaur', '444'),
(133005, 'BCA', '2nd', 'Manpreet Kaur', '555'),
(144001, 'BCA', '3rd', 'Amandeep Singh', '123'),
(144002, 'BCA', '3rd', 'ravneetkaur', '321'),
(144003, 'BCA', '3rd', 'Snehpal Singh', '147'),
(144004, 'BCA', '3rd', 'Kiranjeet kaur', '258'),
(144005, 'BCA', '3rd', 'Manpreet Kaur', '369'),
(155001, 'BCA', '4th', 'Amandeep Singh', '112'),
(155002, 'BCA', '4th', 'ravneetkaur', '223'),
(155003, 'BCA', '4th', 'Snehpal Singh', '334'),
(155004, 'BCA', '4th', 'Manpreet Kaur', '445'),
(155005, 'BCA', '4th', 'Kiranjeet kaur', '556'),
(177001, 'BCA', '6th', 'Amandeep Singh', '110'),
(177002, 'BCA', '6th', 'ravneetkaur', '220'),
(177003, 'BCA', '6th', 'Snehpal Singh', '330'),
(177004, 'BCA', '6th', 'Manpreet Kaur', '440'),
(177005, 'BCA', '6th', 'Kiranjeet kaur', '550'),
(11100211, 'BCA', '1st', 'Prabhjit', '789987'),
(11100212, 'BCA', '1st', 'Rajdeep', '41256'),
(11100213, 'BCA', '1st', 'ankur singh', '7984125'),
(11100214, 'BCA', '1st', 'Ranjeet Kaur', '4587412'),
(11100215, 'BCA', '1st', 'Sonu Kumar', '941258'),
(122012001, 'MCA', '4th', 'Amandeep Singh', '001'),
(122012002, 'MCA', '4th', 'Snehpal Singh', '002'),
(122012003, 'MCA', '4th', 'ravneetkaur', '003'),
(122012004, 'MCA', '4th', 'Kiranjeet kaur', '004'),
(122012005, 'MCA', '4th', 'Manpreet Kaur', '005'),
(133012001, 'MCA', '1st', 'Amritpal kaur', '789456'),
(133012002, 'MCA', '1st', 'Ravneet Kaur', '123321'),
(133012003, 'MCA', '1st', 'Karmjeet kaur', '458745'),
(133012004, 'MCA', '1st', 'Ramandeep Kaur', '741158'),
(133012005, 'MCA', '1st', 'Satveer Kaur', '789999'),
(144012001, 'MCA', '2nd', 'Amandeep Singh', '111'),
(144012002, 'MCA', '2nd', 'ravneetkaur', '222'),
(144012003, 'MCA', '2nd', 'Snehpal Singh', '333'),
(144012004, 'MCA', '2nd', 'Manpreet Kaur', '444'),
(144012005, 'MCA', '2nd', 'Kiranjeet kaur', '555'),
(155012001, 'MCA', '3rd', 'Amandeep Singh', '121'),
(155012002, 'MCA', '3rd', 'Snehpal Singh', '131'),
(155012003, 'MCA', '3rd', 'ravneetkaur', '141'),
(155012004, 'MCA', '3rd', 'Kiranjeet kaur', '151'),
(155012005, 'MCA', '3rd', 'Manpreet Kaur', '161'),
(166012001, 'MCA', '6th', 'Amandeep Singh', '010'),
(166012002, 'MCA', '6th', 'Snehpal Singh', '202'),
(166012003, 'MCA', '6th', 'ravneetkaur', '303'),
(166012004, 'MCA', '6th', 'Kiranjeet kaur', '040'),
(166012005, 'MCA', '6th', 'Manpreet Kaur', '050');

-- --------------------------------------------------------

--
-- Table structure for table `subjects`
--

CREATE TABLE IF NOT EXISTS `subjects` (
  `SubId` int(11) NOT NULL AUTO_INCREMENT,
  `Name` varchar(100) NOT NULL,
  `Class` varchar(5) NOT NULL,
  `Sem` varchar(5) NOT NULL,
  `TID` int(11) NOT NULL,
  PRIMARY KEY (`SubId`),
  KEY `TID` (`TID`)
) ENGINE=InnoDB  DEFAULT CHARSET=latin1 AUTO_INCREMENT=72 ;

--
-- Dumping data for table `subjects`
--

INSERT INTO `subjects` (`SubId`, `Name`, `Class`, `Sem`, `TID`) VALUES
(1, 'Operating System', 'BCA', '1st', 3),
(3, 'Java', 'BCA', '1st', 4),
(4, 'MP', 'BCA', '1st', 5),
(5, 'IT', 'BCA', '1st', 6),
(6, 'c', 'BCA', '1st', 7),
(7, 'Lab-1', 'BCA', '1st', 8),
(8, 'Lab-2', 'BCA', '1st', 9),
(9, 'C++', 'BCA', '2nd', 10),
(10, 'DBMS', 'BCA', '2nd', 11),
(11, 'OS', 'BCA', '2nd', 12),
(12, 'PHP', 'BCA', '2nd', 13),
(13, 'English', 'BCA', '2nd', 14),
(14, 'Lab-3', 'BCA', '2nd', 15),
(15, 'Lab-4', 'BCA', '2nd', 16),
(16, 'Math', 'BCA', '3rd', 3),
(17, 'Env', 'BCA', '3rd', 4),
(18, 'C++', 'BCA', '3rd', 5),
(19, 'English', 'BCA', '3rd', 6),
(20, 'RDBMS', 'BCA', '3rd', 7),
(21, 'Lab-5', 'BCA', '3rd', 8),
(22, 'Lab-6', 'BCA', '3rd', 9),
(23, 'DOTNet', 'BCA', '4th', 10),
(24, 'HTML', 'BCA', '4th', 11),
(25, 'DE', 'BCA', '4th', 12),
(26, 'SAD', 'BCA', '4th', 13),
(27, 'Office Automation', 'BCA', '4th', 14),
(28, 'Lab-7', 'BCA', '4th', 15),
(29, 'Lab-8', 'BCA', '4th', 16),
(30, 'System Software', 'BCA', '6th', 3),
(31, 'Foundatiopn Of Comp. Prog.', 'BCA', '6th', 4),
(32, 'CSA', 'BCA', '6th', 5),
(33, 'Mathematical elementa of Comp. Sci', 'BCA', '6th', 6),
(34, 'Fundamentals of IT', 'BCA', '6th', 7),
(35, 'Lab-9', 'BCA', '6th', 8),
(36, 'Lab-10', 'BCA', '6th', 9),
(37, 'Java', 'MCA', '1st', 10),
(38, 'DE', 'MCA', '1st', 11),
(39, 'Mathematical elements of Comp. Sci', 'MCA', '1st', 12),
(40, 'PP', 'MCA', '1st', 13),
(41, 'N/W', 'MCA', '1st', 14),
(42, 'Lab-1', 'MCA', '1st', 15),
(43, 'Lab-2', 'BCA', '1st', 16),
(44, 'VB', 'MCA', '2nd', 3),
(45, 'PHP', 'MCA', '2nd', 4),
(46, 'OS', 'MCA', '2nd', 5),
(47, 'English', 'MCA', '6th', 6),
(48, 'Data and File Structure', 'MCA', '2nd', 7),
(49, 'Lab-3', 'MCA', '2nd', 8),
(50, 'Lab-4', 'MCA', '2nd', 9),
(51, 'MP', 'MCA', '3rd', 10),
(52, 'SAD', 'MCA', '3rd', 11),
(53, 'Off', 'MCA', '3rd', 12),
(54, 'IT', 'MCA', '3rd', 13),
(55, 'N/W', 'MCA', '3rd', 14),
(56, 'Lab-5', 'MCA', '3rd', 15),
(57, 'Lab-6', 'MCA', '3rd', 16),
(58, 'Math', 'MCA', '4th', 3),
(59, 'DBMS', 'MCA', '4th', 4),
(60, 'DOTNet', 'MCA', '4th', 5),
(61, 'Fundamentals of IT', 'MCA', '4th', 6),
(62, 'System Software', 'MCA', '4th', 7),
(63, 'Lab-7', 'MCA', '4th', 8),
(64, 'Lab-8', 'MCA', '4th', 9),
(65, 'OOP', 'MCA', '6th', 10),
(66, 'Data Structure', 'MCA', '6th', 11),
(67, 'RDBMS', 'MCA', '6th', 12),
(68, 'SAD', 'MCA', '6th', 13),
(69, 'Office Automation', 'MCA', '6th', 14),
(70, 'Lab-9', 'MCA', '6th', 15),
(71, 'Lab-10', 'MCA', '6th', 16);

-- --------------------------------------------------------

--
-- Table structure for table `teachers`
--

CREATE TABLE IF NOT EXISTS `teachers` (
  `TID` int(11) NOT NULL AUTO_INCREMENT,
  `Name` varchar(40) NOT NULL,
  `Password` varchar(30) NOT NULL,
  `Contact` bigint(20) NOT NULL,
  PRIMARY KEY (`TID`)
) ENGINE=InnoDB  DEFAULT CHARSET=latin1 AUTO_INCREMENT=18 ;

--
-- Dumping data for table `teachers`
--

INSERT INTO `teachers` (`TID`, `Name`, `Password`, `Contact`) VALUES
(3, 'Harpal Singh', '111', 987654321),
(4, 'Amandeep Singh', '222', 963258741),
(5, 'Ranjeet Kaur', '333', 957799654),
(6, 'Amit Suchdeva', '444', 9874563215),
(7, 'Amrik Singh', '555', 984123695),
(8, 'Sonu Kumar', '666', 941236941),
(9, 'Narinder Sharma', '777', 941258963),
(10, 'Karmjeet kaur', '888', 9567812345),
(11, 'Gagandeep Kaur', '999', 941258962),
(12, 'Inderpreet Kaur', '000', 98765434),
(13, 'Nirmaljeet Kaur', '323', 9677334765),
(14, 'sapandeep kaur', '414', 6543212345),
(15, 'Harpreet kaur', '919', 6755438658),
(16, 'Rupinder kaur', '545', 32165497878);

--
-- Constraints for dumped tables
--

--
-- Constraints for table `std_attendance`
--
ALTER TABLE `std_attendance`
  ADD CONSTRAINT `std_attendance_ibfk_1` FOREIGN KEY (`SubID`) REFERENCES `subjects` (`SubId`);

--
-- Constraints for table `subjects`
--
ALTER TABLE `subjects`
  ADD CONSTRAINT `subjects_ibfk_1` FOREIGN KEY (`TID`) REFERENCES `teachers` (`TID`);

/*!40101 SET CHARACTER_SET_CLIENT=@OLD_CHARACTER_SET_CLIENT */;
/*!40101 SET CHARACTER_SET_RESULTS=@OLD_CHARACTER_SET_RESULTS */;
/*!40101 SET COLLATION_CONNECTION=@OLD_COLLATION_CONNECTION */;
